Workbook

Sheet Raw Data
A1: Lab 7 — Moment of Inertia · raw data
A2: The six runs as recorded. Only the hanging mass and the measured angular acceleration are data; everything else in this workbook is derived. NOTE the two radii: the string winds on the PULLEY (r_p) but the spinning body is the DISC (r_D).
A4: Constants
A5: Pulley diameter | B5: 2.9 | C5: cm
A6: Pulley radius, r_p | B6: 0.0145 | C6: m
A7: Disc diameter | B7: 8.9 | C7: cm
A8: Disc radius, r_D | B8: 0.0445 | C8: m
A9: Disc mass, M_D | B9: 0.2128 | C9: kg
A10: g | B10: 9.8 | C10: m/s^2
A11: I_D = 1/2 M_D r_D^2 (kg m^2) | B11: =0.5*B9*B8^2 | C11: independently determined — the number the graph must reproduce
A13: Run | B13: Hanging mass M_H (g) | C13: Angular acceleration alpha (rad/s^2)
A14: 1 | B14: 50 | C14: 33
A15: 2 | B15: 60 | C15: 40
A16: 3 | B16: 70 | C16: 46
A17: 4 | B17: 80 | C17: 50
A18: 5 | B18: 90 | C18: 57
A19: 6 | B19: 100 | C19: 63

Sheet Lab 7 Analysis
A1: Lab 7 — Moment of Inertia · analysis
A2: Shaded amber cells are yours to fill. Everything else is a live formula; do not overtype it. Watch the tension column: it is NOT M_H g.
A3: KEY | B3: you enter | C3: computed
A5: Run | B5: M_H (kg) | C5: alpha (rad/s^2) | D5: a = r_p*alpha (m/s^2) | E5: M_H g (N) | F5: M_H a (N) | G5: T = M_H(g-a) (N) | H5: tau = r_p T (N m)
A6: 1 | D6: =IF(C6="","",'Raw Data'!$B$6*C6) | E6: =IF(B6="","",B6*'Raw Data'!$B$10) | F6: =IF(OR(B6="",D6=""),"",B6*D6) | G6: =IF(OR(E6="",F6=""),"",E6-F6) | H6: =IF(G6="","",'Raw Data'!$B$6*G6)
A7: 2 | D7: =IF(C7="","",'Raw Data'!$B$6*C7) | E7: =IF(B7="","",B7*'Raw Data'!$B$10) | F7: =IF(OR(B7="",D7=""),"",B7*D7) | G7: =IF(OR(E7="",F7=""),"",E7-F7) | H7: =IF(G7="","",'Raw Data'!$B$6*G7)
A8: 3 | D8: =IF(C8="","",'Raw Data'!$B$6*C8) | E8: =IF(B8="","",B8*'Raw Data'!$B$10) | F8: =IF(OR(B8="",D8=""),"",B8*D8) | G8: =IF(OR(E8="",F8=""),"",E8-F8) | H8: =IF(G8="","",'Raw Data'!$B$6*G8)
A9: 4 | D9: =IF(C9="","",'Raw Data'!$B$6*C9) | E9: =IF(B9="","",B9*'Raw Data'!$B$10) | F9: =IF(OR(B9="",D9=""),"",B9*D9) | G9: =IF(OR(E9="",F9=""),"",E9-F9) | H9: =IF(G9="","",'Raw Data'!$B$6*G9)
A10: 5 | D10: =IF(C10="","",'Raw Data'!$B$6*C10) | E10: =IF(B10="","",B10*'Raw Data'!$B$10) | F10: =IF(OR(B10="",D10=""),"",B10*D10) | G10: =IF(OR(E10="",F10=""),"",E10-F10) | H10: =IF(G10="","",'Raw Data'!$B$6*G10)
A11: 6 | D11: =IF(C11="","",'Raw Data'!$B$6*C11) | E11: =IF(B11="","",B11*'Raw Data'!$B$10) | F11: =IF(OR(B11="",D11=""),"",B11*D11) | G11: =IF(OR(E11="",F11=""),"",E11-F11) | H11: =IF(G11="","",'Raw Data'!$B$6*G11)
A13: The straight-line fit of alpha against tau
A14: Slope (rad/s^2 per N m) | B14: =IFERROR(SLOPE($C$6:$C$11,$H$6:$H$11),"")
A15: Uncertainty in slope | B15: =IFERROR(INDEX(LINEST($C$6:$C$11,$H$6:$H$11,TRUE,TRUE),2,1),"")
A16: Intercept (rad/s^2) | B16: =IFERROR(INTERCEPT($C$6:$C$11,$H$6:$H$11),"")
A17: R^2 | B17: =IFERROR(RSQ($C$6:$C$11,$H$6:$H$11),"")
A18: I from slope = 1/slope (kg m^2) | B18: =IFERROR(1/B14,"")
A19: delta-I = delta-slope / slope^2 | B19: =IFERROR(B15/B14^2,"")
A20: I independent = 1/2 M r^2 | B20: ='Raw Data'!$B$11
A21: % difference | B21: =IFERROR(100*(B18-B20)/B20,"")
A23: The slope is 1/I, not I. Invert it, and propagate the uncertainty as delta-I = delta-slope / slope^2 — AQ4 asks you to derive that.

Sheet Worked Example
A1: Lab 7 — Moment of Inertia · analysis
A2: Filled with all six runs worked through so you can see the shape of a finished analysis.
A3: KEY | B3: you enter | C3: computed
A5: Run | B5: M_H (kg) | C5: alpha (rad/s^2) | D5: a = r_p*alpha (m/s^2) | E5: M_H g (N) | F5: M_H a (N) | G5: T = M_H(g-a) (N) | H5: tau = r_p T (N m)
A6: 1 | B6: 0.05 | C6: 33 | D6: =IF(C6="","",'Raw Data'!$B$6*C6) | E6: =IF(B6="","",B6*'Raw Data'!$B$10) | F6: =IF(OR(B6="",D6=""),"",B6*D6) | G6: =IF(OR(E6="",F6=""),"",E6-F6) | H6: =IF(G6="","",'Raw Data'!$B$6*G6)
A7: 2 | B7: 0.06 | C7: 40 | D7: =IF(C7="","",'Raw Data'!$B$6*C7) | E7: =IF(B7="","",B7*'Raw Data'!$B$10) | F7: =IF(OR(B7="",D7=""),"",B7*D7) | G7: =IF(OR(E7="",F7=""),"",E7-F7) | H7: =IF(G7="","",'Raw Data'!$B$6*G7)
A8: 3 | B8: 0.07 | C8: 46 | D8: =IF(C8="","",'Raw Data'!$B$6*C8) | E8: =IF(B8="","",B8*'Raw Data'!$B$10) | F8: =IF(OR(B8="",D8=""),"",B8*D8) | G8: =IF(OR(E8="",F8=""),"",E8-F8) | H8: =IF(G8="","",'Raw Data'!$B$6*G8)
A9: 4 | B9: 0.08 | C9: 50 | D9: =IF(C9="","",'Raw Data'!$B$6*C9) | E9: =IF(B9="","",B9*'Raw Data'!$B$10) | F9: =IF(OR(B9="",D9=""),"",B9*D9) | G9: =IF(OR(E9="",F9=""),"",E9-F9) | H9: =IF(G9="","",'Raw Data'!$B$6*G9)
A10: 5 | B10: 0.09 | C10: 57 | D10: =IF(C10="","",'Raw Data'!$B$6*C10) | E10: =IF(B10="","",B10*'Raw Data'!$B$10) | F10: =IF(OR(B10="",D10=""),"",B10*D10) | G10: =IF(OR(E10="",F10=""),"",E10-F10) | H10: =IF(G10="","",'Raw Data'!$B$6*G10)
A11: 6 | B11: 0.1 | C11: 63 | D11: =IF(C11="","",'Raw Data'!$B$6*C11) | E11: =IF(B11="","",B11*'Raw Data'!$B$10) | F11: =IF(OR(B11="",D11=""),"",B11*D11) | G11: =IF(OR(E11="",F11=""),"",E11-F11) | H11: =IF(G11="","",'Raw Data'!$B$6*G11)
A13: The straight-line fit of alpha against tau
A14: Slope (rad/s^2 per N m) | B14: =IFERROR(SLOPE($C$6:$C$11,$H$6:$H$11),"")
A15: Uncertainty in slope | B15: =IFERROR(INDEX(LINEST($C$6:$C$11,$H$6:$H$11,TRUE,TRUE),2,1),"")
A16: Intercept (rad/s^2) | B16: =IFERROR(INTERCEPT($C$6:$C$11,$H$6:$H$11),"")
A17: R^2 | B17: =IFERROR(RSQ($C$6:$C$11,$H$6:$H$11),"")
A18: I from slope = 1/slope (kg m^2) | B18: =IFERROR(1/B14,"")
A19: delta-I = delta-slope / slope^2 | B19: =IFERROR(B15/B14^2,"")
A20: I independent = 1/2 M r^2 | B20: ='Raw Data'!$B$11
A21: % difference | B21: =IFERROR(100*(B18-B20)/B20,"")
A23: The slope is 1/I, not I. Invert it, and propagate the uncertainty as delta-I = delta-slope / slope^2 — AQ4 asks you to derive that.
