Workbook

Sheet Raw Data
A1: Lab 6 — Centripetal Force · raw data
A2: The five runs as recorded. The radius was held fixed at 50.0 cm by the marker clip, and the same rubber stopper was used throughout. The hanging mass INCLUDES the paper clip. Only the washer count and the timing change between runs.
A4: Constants
A5: 10 washers | B5: 70.07 | C5: g
A6: Rubber stopper, m | B6: 10.09 | C6: g
A7: Paper clip | B7: 1.6 | C7: g
A8: Radius, r | B8: 50 | C8: cm
A9: g | B9: 9.8 | C9: m/s^2
A11: Washers | B11: M_hanging incl. clip (kg) | C11: Time for 30 rev (s)
A12: 4 | B12: 0.02963 | C12: 20.86
A13: 8 | B13: 0.05766 | C13: 17.42
A14: 12 | B14: 0.08568 | C14: 14.72
A15: 16 | B15: 0.1137 | C15: 12.34
A16: 20 | B16: 0.1417 | C16: 11.29

Sheet Lab 6 Analysis
A1: Lab 6 — Centripetal Force · analysis
A2: Shaded amber cells are yours to fill. Everything else is a live formula; do not overtype it. Work left to right: force, period, speed, speed squared.
A3: KEY | B3: you enter | C3: computed
A5: Washers | B5: M_hanging (kg) | C5: F_c = M g (N) | D5: Period P = t/30 (s) | E5: Speed v = 2*pi*r/P (m/s) | F5: v^2 (m^2/s^2)
A6: 4 | C6: =IF(B6="","",B6*'Raw Data'!$B$9) | E6: =IF(D6="","",2*PI()*('Raw Data'!$B$8/100)/D6) | F6: =IF(E6="","",E6^2)
A7: 8 | C7: =IF(B7="","",B7*'Raw Data'!$B$9) | E7: =IF(D7="","",2*PI()*('Raw Data'!$B$8/100)/D7) | F7: =IF(E7="","",E7^2)
A8: 12 | C8: =IF(B8="","",B8*'Raw Data'!$B$9) | E8: =IF(D8="","",2*PI()*('Raw Data'!$B$8/100)/D8) | F8: =IF(E8="","",E8^2)
A9: 16 | C9: =IF(B9="","",B9*'Raw Data'!$B$9) | E9: =IF(D9="","",2*PI()*('Raw Data'!$B$8/100)/D9) | F9: =IF(E9="","",E9^2)
A10: 20 | C10: =IF(B10="","",B10*'Raw Data'!$B$9) | E10: =IF(D10="","",2*PI()*('Raw Data'!$B$8/100)/D10) | F10: =IF(E10="","",E10^2)
A12: The straight-line fit of F_c against v^2
A13: Slope, free fit (kg/m) | B13: =IFERROR(SLOPE($C$6:$C$10,$F$6:$F$10),"")
A14: Uncertainty in slope | B14: =IFERROR(INDEX(LINEST($C$6:$C$10,$F$6:$F$10,TRUE,TRUE),2,1),"")
A15: Intercept (N) | B15: =IFERROR(INTERCEPT($C$6:$C$10,$F$6:$F$10),"")
A16: R^2 | B16: =IFERROR(RSQ($C$6:$C$10,$F$6:$F$10),"")
A17: Slope, forced through origin | B17: =IFERROR(SUMPRODUCT($F$6:$F$10,$C$6:$C$10)/SUMPRODUCT($F$6:$F$10,$F$6:$F$10),"")
A18: m from free slope (g) | B18: =IFERROR(B13*('Raw Data'!$B$8/100)*1000,"")
A19: m from origin-forced slope (g) | B19: =IFERROR(B17*('Raw Data'!$B$8/100)*1000,"")
A20: m from the balance (g) | B20: ='Raw Data'!$B$6
A21: % difference, free fit | B21: =IFERROR(100*(B18-B20)/B20,"")
A22: % difference, origin-forced | B22: =IFERROR(100*(B19-B20)/B20,"")
A25: The model says the intercept should be zero: no speed, no force. It is not. The gap between the two mass values is that intercept doing its work — AQ1.

Sheet Worked Example
A1: Lab 6 — Centripetal Force · analysis
A2: Filled with all five runs worked through so you can see the shape of a finished analysis.
A3: KEY | B3: you enter | C3: computed
A5: Washers | B5: M_hanging (kg) | C5: F_c = M g (N) | D5: Period P = t/30 (s) | E5: Speed v = 2*pi*r/P (m/s) | F5: v^2 (m^2/s^2)
A6: 4 | B6: 0.02963 | C6: =IF(B6="","",B6*'Raw Data'!$B$9) | D6: 0.69533333 | E6: =IF(D6="","",2*PI()*('Raw Data'!$B$8/100)/D6) | F6: =IF(E6="","",E6^2)
A7: 8 | B7: 0.05766 | C7: =IF(B7="","",B7*'Raw Data'!$B$9) | D7: 0.58066667 | E7: =IF(D7="","",2*PI()*('Raw Data'!$B$8/100)/D7) | F7: =IF(E7="","",E7^2)
A8: 12 | B8: 0.08568 | C8: =IF(B8="","",B8*'Raw Data'!$B$9) | D8: 0.49066667 | E8: =IF(D8="","",2*PI()*('Raw Data'!$B$8/100)/D8) | F8: =IF(E8="","",E8^2)
A9: 16 | B9: 0.1137 | C9: =IF(B9="","",B9*'Raw Data'!$B$9) | D9: 0.41133333 | E9: =IF(D9="","",2*PI()*('Raw Data'!$B$8/100)/D9) | F9: =IF(E9="","",E9^2)
A10: 20 | B10: 0.1417 | C10: =IF(B10="","",B10*'Raw Data'!$B$9) | D10: 0.37633333 | E10: =IF(D10="","",2*PI()*('Raw Data'!$B$8/100)/D10) | F10: =IF(E10="","",E10^2)
A12: The straight-line fit of F_c against v^2
A13: Slope, free fit (kg/m) | B13: =IFERROR(SLOPE($C$6:$C$10,$F$6:$F$10),"")
A14: Uncertainty in slope | B14: =IFERROR(INDEX(LINEST($C$6:$C$10,$F$6:$F$10,TRUE,TRUE),2,1),"")
A15: Intercept (N) | B15: =IFERROR(INTERCEPT($C$6:$C$10,$F$6:$F$10),"")
A16: R^2 | B16: =IFERROR(RSQ($C$6:$C$10,$F$6:$F$10),"")
A17: Slope, forced through origin | B17: =IFERROR(SUMPRODUCT($F$6:$F$10,$C$6:$C$10)/SUMPRODUCT($F$6:$F$10,$F$6:$F$10),"")
A18: m from free slope (g) | B18: =IFERROR(B13*('Raw Data'!$B$8/100)*1000,"")
A19: m from origin-forced slope (g) | B19: =IFERROR(B17*('Raw Data'!$B$8/100)*1000,"")
A20: m from the balance (g) | B20: ='Raw Data'!$B$6
A21: % difference, free fit | B21: =IFERROR(100*(B18-B20)/B20,"")
A22: % difference, origin-forced | B22: =IFERROR(100*(B19-B20)/B20,"")
A25: The model says the intercept should be zero: no speed, no force. It is not. The gap between the two mass values is that intercept doing its work — AQ1.
