Workbook

Sheet Raw Data
A1: Lab 5 — Momentum Conservation · raw position-vs-time data
A2: The same three runs as the Graphical Analysis files. Two ultrasonic sensors face each other along the track; cart B's positions are recorded as negative numbers so that BOTH columns increase for motion in the same physical direction — they are ready to be used together, and cart B must NOT be sign-flipped. Each run is 100 samples at 0.05 s. Each cart sits still for part of every run; fit only the stretch where it is genuinely moving freely, and never across the interaction.
A3: Time (s) | B3: Pt1 cart A position (m) | C3: Pt1 cart B position (m) | D3: Pt2 cart A position (m) | E3: Pt2 cart B position (m) | F3: Pt3 cart A position (m) | G3: Pt3 cart B position (m)
A4: 0.05 | B4: 0.158825 | C4: -0.515628 | D4: 0.168518 | E4: -0.162715 | F4: 0.15682 | G4: -0.590625
A5: 0.1 | B5: 0.160778 | C5: -0.515369 | D5: 0.168087 | E5: -0.162784 | F5: 0.156803 | G5: -0.590677
A6: 0.15 | B6: 0.160536 | C6: -0.515197 | D6: 0.168294 | E6: -0.162646 | F6: 0.156647 | G6: -0.590625
A7: 0.2 | B7: 0.160743 | C7: -0.516233 | D7: 0.168207 | E7: -0.160676 | F7: 0.157028 | G7: -0.590694
A8: 0.25 | B8: 0.163214 | C8: -0.517268 | D8: 0.168087 | E8: -0.160694 | F8: 0.157684 | G8: -0.590711
A9: 0.3 | B9: 0.159033 | C9: -0.517044 | D9: 0.17095 | E9: -0.160521 | F9: 0.156112 | G9: -0.590711
A10: 0.35 | B10: 0.160934 | C10: -0.517268 | D10: 0.167742 | E10: -0.160521 | F10: 0.158064 | G10: -0.590694
A11: 0.4 | B11: 0.156735 | C11: -0.517925 | D11: 0.171192 | E11: -0.160745 | F11: 0.156095 | G11: -0.590642
A12: 0.45 | B12: 0.157495 | C12: -0.518166 | D12: 0.167259 | E12: -0.160642 | F12: 0.156198 | G12: -0.590711
A13: 0.5 | B13: 0.157218 | C13: -0.518788 | D13: 0.167569 | E13: -0.160555 | F13: 0.158807 | G13: -0.590729
A14: 0.55 | B14: 0.15727 | C14: -0.519202 | D14: 0.168 | E14: -0.160521 | F14: 0.15739 | G14: -0.590366
A15: 0.6 | B15: 0.160778 | C15: -0.520031 | D15: 0.171433 | E15: -0.160175 | F15: 0.157546 | G15: -0.590763
... A103: 5 | B103: 0.636053 | C103: -0.172927 | D103: 0.160428 | E103: -0.158724 | F103: 0.822389 | G103: -0.155588

Sheet Lab 5 Analysis
A1: Lab 5 — Momentum Conservation · analysis
A2: Shaded amber cells are yours to fill — the first and last Raw Data ROW NUMBER of each fit window. Everything else is a live formula; do not overtype it. Choose each window yourself by looking at the position-vs-time graph, and be ready to justify it. Velocities come out signed: keep the sign.
A3: KEY | B3: you enter | C3: computed
A5: The twelve fits — four per trial
A6: Trial | B6: Cart | C6: Phase | D6: Raw Data column | E6: First row | F6: Last row | G6: n points | H6: Velocity (m/s)
A7: Trial 1 | B7: Cart A | C7: before | D7: B | G7: =IF(OR(E7="",F7=""),"",F7-E7+1) | H7: =IF(G7="","",SLOPE(OFFSET('Raw Data'!$A$1,E7-1,1,G7,1),OFFSET('Raw Data'!$A$1,E7-1,0,G7,1)))
A8: Trial 1 | B8: Cart A | C8: after | D8: B | G8: =IF(OR(E8="",F8=""),"",F8-E8+1) | H8: =IF(G8="","",SLOPE(OFFSET('Raw Data'!$A$1,E8-1,1,G8,1),OFFSET('Raw Data'!$A$1,E8-1,0,G8,1)))
A9: Trial 1 | B9: Cart B | C9: before | D9: C | G9: =IF(OR(E9="",F9=""),"",F9-E9+1) | H9: =IF(G9="","",SLOPE(OFFSET('Raw Data'!$A$1,E9-1,2,G9,1),OFFSET('Raw Data'!$A$1,E9-1,0,G9,1)))
A10: Trial 1 | B10: Cart B | C10: after | D10: C | G10: =IF(OR(E10="",F10=""),"",F10-E10+1) | H10: =IF(G10="","",SLOPE(OFFSET('Raw Data'!$A$1,E10-1,2,G10,1),OFFSET('Raw Data'!$A$1,E10-1,0,G10,1)))
A11: Trial 2 | B11: Cart A | C11: before | D11: D | G11: =IF(OR(E11="",F11=""),"",F11-E11+1) | H11: =IF(G11="","",SLOPE(OFFSET('Raw Data'!$A$1,E11-1,3,G11,1),OFFSET('Raw Data'!$A$1,E11-1,0,G11,1)))
A12: Trial 2 | B12: Cart A | C12: after | D12: D | G12: =IF(OR(E12="",F12=""),"",F12-E12+1) | H12: =IF(G12="","",SLOPE(OFFSET('Raw Data'!$A$1,E12-1,3,G12,1),OFFSET('Raw Data'!$A$1,E12-1,0,G12,1)))
A13: Trial 2 | B13: Cart B | C13: before | D13: E | G13: =IF(OR(E13="",F13=""),"",F13-E13+1) | H13: =IF(G13="","",SLOPE(OFFSET('Raw Data'!$A$1,E13-1,4,G13,1),OFFSET('Raw Data'!$A$1,E13-1,0,G13,1)))
A14: Trial 2 | B14: Cart B | C14: after | D14: E | G14: =IF(OR(E14="",F14=""),"",F14-E14+1) | H14: =IF(G14="","",SLOPE(OFFSET('Raw Data'!$A$1,E14-1,4,G14,1),OFFSET('Raw Data'!$A$1,E14-1,0,G14,1)))
A15: Trial 3 | B15: Cart A | C15: before | D15: F | G15: =IF(OR(E15="",F15=""),"",F15-E15+1) | H15: =IF(G15="","",SLOPE(OFFSET('Raw Data'!$A$1,E15-1,5,G15,1),OFFSET('Raw Data'!$A$1,E15-1,0,G15,1)))
A16: Trial 3 | B16: Cart A | C16: after | D16: F | G16: =IF(OR(E16="",F16=""),"",F16-E16+1) | H16: =IF(G16="","",SLOPE(OFFSET('Raw Data'!$A$1,E16-1,5,G16,1),OFFSET('Raw Data'!$A$1,E16-1,0,G16,1)))
A17: Trial 3 | B17: Cart B | C17: before | D17: G | G17: =IF(OR(E17="",F17=""),"",F17-E17+1) | H17: =IF(G17="","",SLOPE(OFFSET('Raw Data'!$A$1,E17-1,6,G17,1),OFFSET('Raw Data'!$A$1,E17-1,0,G17,1)))
A18: Trial 3 | B18: Cart B | C18: after | D18: G | G18: =IF(OR(E18="",F18=""),"",F18-E18+1) | H18: =IF(G18="","",SLOPE(OFFSET('Raw Data'!$A$1,E18-1,6,G18,1),OFFSET('Raw Data'!$A$1,E18-1,0,G18,1)))
A20: The two totals, and the gap between them
A21: Trial | B21: m_A used (kg) | C21: m_B (kg) | D21: Σp before (kg·m/s) | E21: Σp after (kg·m/s) | F21: Δp (kg·m/s) | G21: % difference | H21: Largest single-cart |p| | I21: KE before (J) | J21: KE after (J)
A22: Trial 1 — Pt1, one cart at rest | B22: 0.5119 | C22: 0.5139 | D22: =IF(OR(H7="",H9="",H8="",H10=""),"",$B22*H7+$C22*H9) | E22: =IF(OR(H7="",H9="",H8="",H10=""),"",$B22*H8+$C22*H10) | F22: =IF(OR(D22="",E22=""),"",E22-D22) | G22: =IF(OR(D22="",E22="",H22=""),"",IF((ABS(D22)+ABS(E22))/2<0.3*H22,"not meaningful — see Part III",100*F22/((ABS(D22)+ABS(E22))/2))) | H22: =IF(OR(H7="",H9="",H8="",H10=""),"",MAX(ABS($B22*H7),ABS($C22*H9),ABS($B22*H8),ABS($C22*H10))) | I22: =IF(OR(H7="",H9="",H8="",H10=""),"",0.5*$B22*H7^2+0.5*$C22*H9^2) | J22: =IF(OR(H7="",H9="",H8="",H10=""),"",0.5*$B22*H8^2+0.5*$C22*H10^2)
A23: Trial 2 — Pt2, similar speeds | B23: 0.5119 | C23: 0.5139 | D23: =IF(OR(H11="",H13="",H12="",H14=""),"",$B23*H11+$C23*H13) | E23: =IF(OR(H11="",H13="",H12="",H14=""),"",$B23*H12+$C23*H14) | F23: =IF(OR(D23="",E23=""),"",E23-D23) | G23: =IF(OR(D23="",E23="",H23=""),"",IF((ABS(D23)+ABS(E23))/2<0.3*H23,"not meaningful — see Part III",100*F23/((ABS(D23)+ABS(E23))/2))) | H23: =IF(OR(H11="",H13="",H12="",H14=""),"",MAX(ABS($B23*H11),ABS($C23*H13),ABS($B23*H12),ABS($C23*H14))) | I23: =IF(OR(H11="",H13="",H12="",H14=""),"",0.5*$B23*H11^2+0.5*$C23*H13^2) | J23: =IF(OR(H11="",H13="",H12="",H14=""),"",0.5*$B23*H12^2+0.5*$C23*H14^2)
A24: Trial 3 — Pt3, cart A loaded | B24: 1.0438 | C24: 0.5139 | D24: =IF(OR(H15="",H17="",H16="",H18=""),"",$B24*H15+$C24*H17) | E24: =IF(OR(H15="",H17="",H16="",H18=""),"",$B24*H16+$C24*H18) | F24: =IF(OR(D24="",E24=""),"",E24-D24) | G24: =IF(OR(D24="",E24="",H24=""),"",IF((ABS(D24)+ABS(E24))/2<0.3*H24,"not meaningful — see Part III",100*F24/((ABS(D24)+ABS(E24))/2))) | H24: =IF(OR(H15="",H17="",H16="",H18=""),"",MAX(ABS($B24*H15),ABS($C24*H17),ABS($B24*H16),ABS($C24*H18))) | I24: =IF(OR(H15="",H17="",H16="",H18=""),"",0.5*$B24*H15^2+0.5*$C24*H17^2) | J24: =IF(OR(H15="",H17="",H16="",H18=""),"",0.5*$B24*H16^2+0.5*$C24*H18^2)
A26: Trial 2 note: both totals are near zero, so the % difference divides by a near-zero denominator and returns a large, meaningless number. The formula above detects this and says so rather than printing it. Report Δp in kg·m/s for Trial 2 and compare it against column H — the largest single-cart momentum — and explain the substitution in your Discussion.
A28: Kinetic energy is shown for the Additional Question on energy. It is NOT part of the required analysis — momentum is. Note that every trial loses kinetic energy while conserving momentum: that contrast is the point.

Sheet Worked Example
A1: Lab 5 — Momentum Conservation · analysis
A2: Shaded amber cells are yours to fill. Everything else is a live formula; do not overtype it. This sheet is filled with all three trials worked through so you can see the shape of a finished analysis — your own fit windows may differ a little, and that is expected.
A3: KEY | B3: you enter | C3: computed
A5: The twelve fits — four per trial
A6: Trial | B6: Cart | C6: Phase | D6: Raw Data column | E6: First row | F6: Last row | G6: n points | H6: Velocity (m/s)
A7: Trial 1 | B7: Cart A | C7: before | D7: B | E7: 16 | F7: 30 | G7: =IF(OR(E7="",F7=""),"",F7-E7+1) | H7: =IF(G7="","",SLOPE(OFFSET('Raw Data'!$A$1,E7-1,1,G7,1),OFFSET('Raw Data'!$A$1,E7-1,0,G7,1)))
A8: Trial 1 | B8: Cart A | C8: after | D8: B | E8: 35 | F8: 55 | G8: =IF(OR(E8="",F8=""),"",F8-E8+1) | H8: =IF(G8="","",SLOPE(OFFSET('Raw Data'!$A$1,E8-1,1,G8,1),OFFSET('Raw Data'!$A$1,E8-1,0,G8,1)))
A9: Trial 1 | B9: Cart B | C9: before | D9: C | E9: 5 | F9: 31 | G9: =IF(OR(E9="",F9=""),"",F9-E9+1) | H9: =IF(G9="","",SLOPE(OFFSET('Raw Data'!$A$1,E9-1,2,G9,1),OFFSET('Raw Data'!$A$1,E9-1,0,G9,1)))
A10: Trial 1 | B10: Cart B | C10: after | D10: C | E10: 35 | F10: 46 | G10: =IF(OR(E10="",F10=""),"",F10-E10+1) | H10: =IF(G10="","",SLOPE(OFFSET('Raw Data'!$A$1,E10-1,2,G10,1),OFFSET('Raw Data'!$A$1,E10-1,0,G10,1)))
A11: Trial 2 | B11: Cart A | C11: before | D11: D | E11: 27 | F11: 48 | G11: =IF(OR(E11="",F11=""),"",F11-E11+1) | H11: =IF(G11="","",SLOPE(OFFSET('Raw Data'!$A$1,E11-1,3,G11,1),OFFSET('Raw Data'!$A$1,E11-1,0,G11,1)))
A12: Trial 2 | B12: Cart A | C12: after | D12: D | E12: 53 | F12: 73 | G12: =IF(OR(E12="",F12=""),"",F12-E12+1) | H12: =IF(G12="","",SLOPE(OFFSET('Raw Data'!$A$1,E12-1,3,G12,1),OFFSET('Raw Data'!$A$1,E12-1,0,G12,1)))
A13: Trial 2 | B13: Cart B | C13: before | D13: E | E13: 27 | F13: 48 | G13: =IF(OR(E13="",F13=""),"",F13-E13+1) | H13: =IF(G13="","",SLOPE(OFFSET('Raw Data'!$A$1,E13-1,4,G13,1),OFFSET('Raw Data'!$A$1,E13-1,0,G13,1)))
A14: Trial 2 | B14: Cart B | C14: after | D14: E | E14: 53 | F14: 72 | G14: =IF(OR(E14="",F14=""),"",F14-E14+1) | H14: =IF(G14="","",SLOPE(OFFSET('Raw Data'!$A$1,E14-1,4,G14,1),OFFSET('Raw Data'!$A$1,E14-1,0,G14,1)))
A15: Trial 3 | B15: Cart A | C15: before | D15: F | E15: 21 | F15: 37 | G15: =IF(OR(E15="",F15=""),"",F15-E15+1) | H15: =IF(G15="","",SLOPE(OFFSET('Raw Data'!$A$1,E15-1,5,G15,1),OFFSET('Raw Data'!$A$1,E15-1,0,G15,1)))
A16: Trial 3 | B16: Cart A | C16: after | D16: F | E16: 42 | F16: 69 | G16: =IF(OR(E16="",F16=""),"",F16-E16+1) | H16: =IF(G16="","",SLOPE(OFFSET('Raw Data'!$A$1,E16-1,5,G16,1),OFFSET('Raw Data'!$A$1,E16-1,0,G16,1)))
A17: Trial 3 | B17: Cart B | C17: before | D17: G | E17: 5 | F17: 37 | G17: =IF(OR(E17="",F17=""),"",F17-E17+1) | H17: =IF(G17="","",SLOPE(OFFSET('Raw Data'!$A$1,E17-1,6,G17,1),OFFSET('Raw Data'!$A$1,E17-1,0,G17,1)))
A18: Trial 3 | B18: Cart B | C18: after | D18: G | E18: 42 | F18: 53 | G18: =IF(OR(E18="",F18=""),"",F18-E18+1) | H18: =IF(G18="","",SLOPE(OFFSET('Raw Data'!$A$1,E18-1,6,G18,1),OFFSET('Raw Data'!$A$1,E18-1,0,G18,1)))
A20: The two totals, and the gap between them
A21: Trial | B21: m_A used (kg) | C21: m_B (kg) | D21: Σp before (kg·m/s) | E21: Σp after (kg·m/s) | F21: Δp (kg·m/s) | G21: % difference | H21: Largest single-cart |p| | I21: KE before (J) | J21: KE after (J)
A22: Trial 1 — Pt1, one cart at rest | B22: 0.5119 | C22: 0.5139 | D22: =IF(OR(H7="",H9="",H8="",H10=""),"",$B22*H7+$C22*H9) | E22: =IF(OR(H7="",H9="",H8="",H10=""),"",$B22*H8+$C22*H10) | F22: =IF(OR(D22="",E22=""),"",E22-D22) | G22: =IF(OR(D22="",E22="",H22=""),"",IF((ABS(D22)+ABS(E22))/2<0.3*H22,"not meaningful — see Part III",100*F22/((ABS(D22)+ABS(E22))/2))) | H22: =IF(OR(H7="",H9="",H8="",H10=""),"",MAX(ABS($B22*H7),ABS($C22*H9),ABS($B22*H8),ABS($C22*H10))) | I22: =IF(OR(H7="",H9="",H8="",H10=""),"",0.5*$B22*H7^2+0.5*$C22*H9^2) | J22: =IF(OR(H7="",H9="",H8="",H10=""),"",0.5*$B22*H8^2+0.5*$C22*H10^2)
A23: Trial 2 — Pt2, similar speeds | B23: 0.5119 | C23: 0.5139 | D23: =IF(OR(H11="",H13="",H12="",H14=""),"",$B23*H11+$C23*H13) | E23: =IF(OR(H11="",H13="",H12="",H14=""),"",$B23*H12+$C23*H14) | F23: =IF(OR(D23="",E23=""),"",E23-D23) | G23: =IF(OR(D23="",E23="",H23=""),"",IF((ABS(D23)+ABS(E23))/2<0.3*H23,"not meaningful — see Part III",100*F23/((ABS(D23)+ABS(E23))/2))) | H23: =IF(OR(H11="",H13="",H12="",H14=""),"",MAX(ABS($B23*H11),ABS($C23*H13),ABS($B23*H12),ABS($C23*H14))) | I23: =IF(OR(H11="",H13="",H12="",H14=""),"",0.5*$B23*H11^2+0.5*$C23*H13^2) | J23: =IF(OR(H11="",H13="",H12="",H14=""),"",0.5*$B23*H12^2+0.5*$C23*H14^2)
A24: Trial 3 — Pt3, cart A loaded | B24: 1.0438 | C24: 0.5139 | D24: =IF(OR(H15="",H17="",H16="",H18=""),"",$B24*H15+$C24*H17) | E24: =IF(OR(H15="",H17="",H16="",H18=""),"",$B24*H16+$C24*H18) | F24: =IF(OR(D24="",E24=""),"",E24-D24) | G24: =IF(OR(D24="",E24="",H24=""),"",IF((ABS(D24)+ABS(E24))/2<0.3*H24,"not meaningful — see Part III",100*F24/((ABS(D24)+ABS(E24))/2))) | H24: =IF(OR(H15="",H17="",H16="",H18=""),"",MAX(ABS($B24*H15),ABS($C24*H17),ABS($B24*H16),ABS($C24*H18))) | I24: =IF(OR(H15="",H17="",H16="",H18=""),"",0.5*$B24*H15^2+0.5*$C24*H17^2) | J24: =IF(OR(H15="",H17="",H16="",H18=""),"",0.5*$B24*H16^2+0.5*$C24*H18^2)
A26: Trial 2 note: both totals are near zero, so the % difference divides by a near-zero denominator and returns a large, meaningless number. The formula above detects this and says so rather than printing it. Report Δp in kg·m/s for Trial 2 and compare it against column H — the largest single-cart momentum — and explain the substitution in your Discussion.
A28: Kinetic energy is shown for the Additional Question on energy. It is NOT part of the required analysis — momentum is. Note that every trial loses kinetic energy while conserving momentum: that contrast is the point.
