Workbook

Sheet Raw Data
A1: Lab 4 — Newton's Second Law · raw position-vs-time data
A2: The same five runs as the Graphical Analysis files. Position is measured by the ultrasonic sensor at the end of the track; each run is 50 samples at 0.05 s. Each run has a flat stretch before release and nonsense after the motion ends — fit only the accelerating part in between.
A4: Time (s) | B4: 100 g hanging — position (m) | C4: 200 g hanging — position (m) | D4: 300 g hanging — position (m) | E4: 400 g hanging — position (m) | F4: 500 g hanging — position (m)
A5: 0.05 | B5: 0.156431 | C5: 0.157125 | D5: 0.157019 | E5: 0.157955 | F5: 0.157298
A6: 0.1 | B6: 0.157001 | C6: 0.157211 | D6: 0.156984 | E6: 0.157124 | F6: 0.156917
A7: 0.15 | B7: 0.157088 | C7: 0.157194 | D7: 0.156915 | E7: 0.159373 | F7: 0.156831
A8: 0.2 | B8: 0.155342 | C8: 0.157125 | D8: 0.155843 | E8: 0.157885 | F8: 0.156986
A9: 0.25 | B9: 0.156949 | C9: 0.156485 | D9: 0.156932 | E9: 0.160134 | F9: 0.170724
A10: 0.3 | B10: 0.164936 | C10: 0.155775 | D10: 0.155169 | E10: 0.166448 | F10: 0.211954
A11: 0.35 | B11: 0.181377 | C11: 0.155429 | D11: 0.156241 | E11: 0.157868 | F11: 0.265139
A12: 0.4 | B12: 0.199407 | C12: 0.156346 | D12: 0.157001 | E12: 0.160169 | F12: 0.323964
A13: 0.45 | B13: 0.218804 | C13: 0.156415 | D13: 0.157019 | E13: 0.156484 | F13: 0.390316
A14: 0.5 | B14: 0.239843 | C14: 0.155775 | D14: 0.155152 | E14: 0.157055 | F14: 0.464246
A15: 0.55 | B15: 0.261781 | C15: 0.157038 | D15: 0.156569 | E15: 0.157055 | F15: 0.546913
A16: 0.6 | B16: 0.28562 | C16: 0.158267 | D16: 0.155255 | E16: 0.162314 | F16: 0.642815
... A54: 2.5 | B54: 1.921153 | C54: 1.57122 | D54: 1.947205 | E54: 0.942941 | F54: 1.968066

Sheet Lab 4 Analysis
A1: Lab 4 — Newton's Second Law · analysis
A2: Shaded cells are yours to fill. Everything else is a live formula — do not overtype it. Choose each fit window yourself by looking at the position-vs-time graph, and be ready to justify it.
A4: KEY | B4: you enter | C4: computed
A6: Run | B6: Hanging mass (g) | C6: Hanging mass (kg) | D6: Driving force F = m·g (N) | E6: Fit: first row on Raw Data | F6: Fit: last row on Raw Data | G6: n points | H6: Quadratic coefficient (m/s²) | I6: Acceleration a = 2× coeff (m/s²)
A7: 100 g | B7: 100 | C7: =B7/1000 | D7: =C7*9.8 | G7: =IF(OR(E7="",F7=""),"",F7-E7+1) | H7: =IF(G7="","",INDEX(LINEST(OFFSET('Raw Data'!$A$1,E7-1,1,G7,1),OFFSET('Raw Data'!$A$1,E7-1,0,G7,1)^{1,2}),1,1)) | I7: =IF(H7="","",2*H7)
A8: 200 g | B8: 200 | C8: =B8/1000 | D8: =C8*9.8 | G8: =IF(OR(E8="",F8=""),"",F8-E8+1) | H8: =IF(G8="","",INDEX(LINEST(OFFSET('Raw Data'!$A$1,E8-1,2,G8,1),OFFSET('Raw Data'!$A$1,E8-1,0,G8,1)^{1,2}),1,1)) | I8: =IF(H8="","",2*H8)
A9: 300 g | B9: 300 | C9: =B9/1000 | D9: =C9*9.8 | G9: =IF(OR(E9="",F9=""),"",F9-E9+1) | H9: =IF(G9="","",INDEX(LINEST(OFFSET('Raw Data'!$A$1,E9-1,3,G9,1),OFFSET('Raw Data'!$A$1,E9-1,0,G9,1)^{1,2}),1,1)) | I9: =IF(H9="","",2*H9)
A10: 400 g | B10: 400 | C10: =B10/1000 | D10: =C10*9.8 | G10: =IF(OR(E10="",F10=""),"",F10-E10+1) | H10: =IF(G10="","",INDEX(LINEST(OFFSET('Raw Data'!$A$1,E10-1,4,G10,1),OFFSET('Raw Data'!$A$1,E10-1,0,G10,1)^{1,2}),1,1)) | I10: =IF(H10="","",2*H10)
A11: 500 g | B11: 500 | C11: =B11/1000 | D11: =C11*9.8 | G11: =IF(OR(E11="",F11=""),"",F11-E11+1) | H11: =IF(G11="","",INDEX(LINEST(OFFSET('Raw Data'!$A$1,E11-1,5,G11,1),OFFSET('Raw Data'!$A$1,E11-1,0,G11,1)^{1,2}),1,1)) | I11: =IF(H11="","",2*H11)
A13: The straight-line fit of a against F
A14: Slope (1/kg) | B14: =IFERROR(SLOPE($I$7:$I$11,$D$7:$D$11),"")
A15: Uncertainty in slope | B15: =IFERROR(INDEX(LINEST($I$7:$I$11,$D$7:$D$11,TRUE,TRUE),2,1),"")
A16: Intercept (m/s²) | B16: =IFERROR(INTERCEPT($I$7:$I$11,$D$7:$D$11),"")
A17: Uncertainty in intercept | B17: =IFERROR(INDEX(LINEST($I$7:$I$11,$D$7:$D$11,TRUE,TRUE),2,2),"")
A18: R² | B18: =IFERROR(RSQ($I$7:$I$11,$D$7:$D$11),"")
A20: The mass the graph gives you
A21: Experimental total mass M = 1/slope (kg) | B21: =IFERROR(1/B14,"")
A22: Uncertainty δM = δ(slope)/slope² (kg) | B22: =IFERROR(B15/B14^2,"")
A23: Accepted total mass (kg) | B23: 1.54802
A24: Percent error (%) | B24: =IFERROR(ABS(B21-B23)/B23*100,"")
A25: Implied threshold force −intercept×M (N) | B25: =IFERROR(-B16*B21,"")
A27: Check the units as you go: a slope in 1/kg inverts to a mass in kg. The intercept should be zero within its own uncertainty — if it is not, the last row tells you how much driving force was being absorbed before the system moved.

Sheet Worked Example
A1: Lab 4 — Newton's Second Law · analysis
A2: Shaded cells are yours to fill. Everything else is a live formula — do not overtype it. This sheet is filled with one complete worked run so you can see the shape of a finished analysis.
A4: KEY | B4: you enter | C4: computed
A6: Run | B6: Hanging mass (g) | C6: Hanging mass (kg) | D6: Driving force F = m·g (N) | E6: Fit: first row on Raw Data | F6: Fit: last row on Raw Data | G6: n points | H6: Quadratic coefficient (m/s²) | I6: Acceleration a = 2× coeff (m/s²)
A7: 100 g | B7: 100 | C7: =B7/1000 | D7: =C7*9.8 | E7: 10 | F7: 46 | G7: =IF(OR(E7="",F7=""),"",F7-E7+1) | H7: =IF(G7="","",INDEX(LINEST(OFFSET('Raw Data'!$A$1,E7-1,1,G7,1),OFFSET('Raw Data'!$A$1,E7-1,0,G7,1)^{1,2}),1,1)) | I7: =IF(H7="","",2*H7)
A8: 200 g | B8: 200 | C8: =B8/1000 | D8: =C8*9.8 | E8: 17 | F8: 43 | G8: =IF(OR(E8="",F8=""),"",F8-E8+1) | H8: =IF(G8="","",INDEX(LINEST(OFFSET('Raw Data'!$A$1,E8-1,2,G8,1),OFFSET('Raw Data'!$A$1,E8-1,0,G8,1)^{1,2}),1,1)) | I8: =IF(H8="","",2*H8)
A9: 300 g | B9: 300 | C9: =B9/1000 | D9: =C9*9.8 | E9: 18 | F9: 40 | G9: =IF(OR(E9="",F9=""),"",F9-E9+1) | H9: =IF(G9="","",INDEX(LINEST(OFFSET('Raw Data'!$A$1,E9-1,3,G9,1),OFFSET('Raw Data'!$A$1,E9-1,0,G9,1)^{1,2}),1,1)) | I9: =IF(H9="","",2*H9)
A10: 400 g | B10: 400 | C10: =B10/1000 | D10: =C10*9.8 | E10: 17 | F10: 29 | G10: =IF(OR(E10="",F10=""),"",F10-E10+1) | H10: =IF(G10="","",INDEX(LINEST(OFFSET('Raw Data'!$A$1,E10-1,4,G10,1),OFFSET('Raw Data'!$A$1,E10-1,0,G10,1)^{1,2}),1,1)) | I10: =IF(H10="","",2*H10)
A11: 500 g | B11: 500 | C11: =B11/1000 | D11: =C11*9.8 | E11: 9 | F11: 24 | G11: =IF(OR(E11="",F11=""),"",F11-E11+1) | H11: =IF(G11="","",INDEX(LINEST(OFFSET('Raw Data'!$A$1,E11-1,5,G11,1),OFFSET('Raw Data'!$A$1,E11-1,0,G11,1)^{1,2}),1,1)) | I11: =IF(H11="","",2*H11)
A13: The straight-line fit of a against F
A14: Slope (1/kg) | B14: =IFERROR(SLOPE($I$7:$I$11,$D$7:$D$11),"")
A15: Uncertainty in slope | B15: =IFERROR(INDEX(LINEST($I$7:$I$11,$D$7:$D$11,TRUE,TRUE),2,1),"")
A16: Intercept (m/s²) | B16: =IFERROR(INTERCEPT($I$7:$I$11,$D$7:$D$11),"")
A17: Uncertainty in intercept | B17: =IFERROR(INDEX(LINEST($I$7:$I$11,$D$7:$D$11,TRUE,TRUE),2,2),"")
A18: R² | B18: =IFERROR(RSQ($I$7:$I$11,$D$7:$D$11),"")
A20: The mass the graph gives you
A21: Experimental total mass M = 1/slope (kg) | B21: =IFERROR(1/B14,"")
A22: Uncertainty δM = δ(slope)/slope² (kg) | B22: =IFERROR(B15/B14^2,"")
A23: Accepted total mass (kg) | B23: 1.54802
A24: Percent error (%) | B24: =IFERROR(ABS(B21-B23)/B23*100,"")
A25: Implied threshold force −intercept×M (N) | B25: =IFERROR(-B16*B21,"")
A27: Check the units as you go: a slope in 1/kg inverts to a mass in kg. The intercept should be zero within its own uncertainty — if it is not, the last row tells you how much driving force was being absorbed before the system moved.
